{
	"code": 0,
	"msg": "",
	"count": 1000,
	"data": [
		{
			"id": "001",
			"username": "user-0",
			"sex": "女",
			"city": "安徽省合肥市肥西县xxx",
			"sign": "元代花瓶",
			"experience": "1年",
			"logins": 24,
			"wealth": "2028-10-1",
			"classify": "收藏家",
			"score": "100万"
		}, {
			"id": "002",
			"username": "user-1",
			"sex": "女",
			"city": "安徽省合肥市肥东县xxx",
			"sign": "清代花瓶",
			"experience": "2年",
			"logins": 24,
			"wealth": "2022-10-1",
			"classify": "收藏家",
			"score": "10万"
		}, {
			"id": "003",
			"username": "user-2",
			"sex": "女",
			"city": "安徽省合肥市肥东县xxx",
			"sign": "明朝花瓶",
			"experience": "2年",
			"logins": 24,
			"wealth": "2022-10-1",
			"classify": "收藏家",
			"score": "10万"
		}, {
			"id": "004",
			"username": "user-3",
			"sex": "女",
			"city": "安徽省合肥市肥东县xxx",
			"sign": "清代花瓶",
			"experience": "2年",
			"logins": 24,
			"wealth": "2030-10-1",
			"classify": "收藏家",
			"score": "8万"
		}, {
			"id": "005",
			"username": "user-4",
			"sex": "女",
			"city": "安徽省合肥市肥东县xxx",
			"sign": "商青铜器",
			"experience": "2年",
			"logins": 24,
			"wealth": "2030-10-1",
			"classify": "收藏家",
			"score": "20万"
		}, {
			"id": "006",
			"username": "user-5",
			"sex": "女",
			"city": "安徽省合肥市肥东县xxx",
			"sign": "商青铜器",
			"experience": "2年",
			"logins": 24,
			"wealth": "2030-10-1",
			"classify": "收藏家",
			"score": "20万"
		}, {
			"id": "006",
			"username": "user-5",
			"sex": "女",
			"city": "安徽省合肥市肥东县xxx",
			"sign": "商青铜器",
			"experience": "2年",
			"logins": 24,
			"wealth": "2030-10-1",
			"classify": "收藏家",
			"score": "20万"
		}, {
			"id": "006",
			"username": "user-5",
			"sex": "女",
			"city": "安徽省合肥市肥东县xxx",
			"sign": "商青铜器",
			"experience": "2年",
			"logins": 24,
			"wealth": "2030-10-1",
			"classify": "收藏家",
			"score": "20万"
		}, {
			"id": "006",
			"username": "user-5",
			"sex": "女",
			"city": "安徽省合肥市肥东县xxx",
			"sign": "商青铜器",
			"experience": "2年",
			"logins": 24,
			"wealth": "2030-10-1",
			"classify": "收藏家",
			"score": "20万"
		}, {
			"id": "006",
			"username": "user-5",
			"sex": "女",
			"city": "安徽省合肥市肥东县xxx",
			"sign": "商青铜器",
			"experience": "2年",
			"logins": 24,
			"wealth": "2030-10-1",
			"classify": "收藏家",
			"score": "20万"
		}, {
			"id": "006",
			"username": "user-5",
			"sex": "女",
			"city": "安徽省合肥市肥东县xxx",
			"sign": "商青铜器",
			"experience": "2年",
			"logins": 24,
			"wealth": "2030-10-1",
			"classify": "收藏家",
			"score": "20万"
		}, {
			"id": "006",
			"username": "user-5",
			"sex": "女",
			"city": "安徽省合肥市肥东县xxx",
			"sign": "商青铜器",
			"experience": "2年",
			"logins": 24,
			"wealth": "2030-10-1",
			"classify": "收藏家",
			"score": "20万"
		}, {
			"id": "006",
			"username": "user-5",
			"sex": "女",
			"city": "安徽省合肥市肥东县xxx",
			"sign": "商青铜器",
			"experience": "2年",
			"logins": 24,
			"wealth": "2030-10-1",
			"classify": "收藏家",
			"score": "20万"
		}, {
			"id": "006",
			"username": "user-5",
			"sex": "女",
			"city": "安徽省合肥市肥东县xxx",
			"sign": "商青铜器",
			"experience": "2年",
			"logins": 24,
			"wealth": "2030-10-1",
			"classify": "收藏家",
			"score": "20万"
		}, {
			"id": "006",
			"username": "user-5",
			"sex": "女",
			"city": "安徽省合肥市肥东县xxx",
			"sign": "商青铜器",
			"experience": "2年",
			"logins": 24,
			"wealth": "2030-10-1",
			"classify": "收藏家",
			"score": "20万"
		}, {
			"id": "006",
			"username": "user-5",
			"sex": "女",
			"city": "安徽省合肥市肥东县xxx",
			"sign": "商青铜器",
			"experience": "2年",
			"logins": 24,
			"wealth": "2030-10-1",
			"classify": "收藏家",
			"score": "20万"
		}, {
			"id": "006",
			"username": "user-5",
			"sex": "女",
			"city": "安徽省合肥市肥东县xxx",
			"sign": "商青铜器",
			"experience": "2年",
			"logins": 24,
			"wealth": "2030-10-1",
			"classify": "收藏家",
			"score": "20万"
		}, {
			"id": "006",
			"username": "user-5",
			"sex": "女",
			"city": "安徽省合肥市肥东县xxx",
			"sign": "商青铜器",
			"experience": "2年",
			"logins": 24,
			"wealth": "2030-10-1",
			"classify": "收藏家",
			"score": "20万"
		}, {
			"id": "006",
			"username": "user-5",
			"sex": "女",
			"city": "安徽省合肥市肥东县xxx",
			"sign": "商青铜器",
			"experience": "2年",
			"logins": 24,
			"wealth": "2030-10-1",
			"classify": "收藏家",
			"score": "20万"
		}, {
			"id": "006",
			"username": "user-5",
			"sex": "女",
			"city": "安徽省合肥市肥东县xxx",
			"sign": "商青铜器",
			"experience": "2年",
			"logins": 24,
			"wealth": "2030-10-1",
			"classify": "收藏家",
			"score": "20万"
		}, {
			"id": "006",
			"username": "user-5",
			"sex": "女",
			"city": "安徽省合肥市肥东县xxx",
			"sign": "商青铜器",
			"experience": "2年",
			"logins": 24,
			"wealth": "2030-10-1",
			"classify": "收藏家",
			"score": "20万"
		}, {
			"id": "006",
			"username": "user-5",
			"sex": "女",
			"city": "安徽省合肥市肥东县xxx",
			"sign": "商青铜器",
			"experience": "2年",
			"logins": 24,
			"wealth": "2030-10-1",
			"classify": "收藏家",
			"score": "20万"
		}, {
			"id": "006",
			"username": "user-5",
			"sex": "女",
			"city": "安徽省合肥市肥东县xxx",
			"sign": "商青铜器",
			"experience": "2年",
			"logins": 24,
			"wealth": "2030-10-1",
			"classify": "收藏家",
			"score": "20万"
		}, {
			"id": "006",
			"username": "user-5",
			"sex": "女",
			"city": "安徽省合肥市肥东县xxx",
			"sign": "商青铜器",
			"experience": "2年",
			"logins": 24,
			"wealth": "2030-10-1",
			"classify": "收藏家",
			"score": "20万"
		}, {
			"id": 10024,
			"username": "user-24",
			"sex": "女",
			"city": "城市-24",
			"sign": "签名-24",
			"experience": 212,
			"logins": 133,
			"wealth": 59011052,
			"classify": "词人",
			"score": 76
		}, {
			"id": 10025,
			"username": "user-25",
			"sex": "女",
			"city": "城市-25",
			"sign": "签名-25",
			"experience": 938,
			"logins": 182,
			"wealth": 91183097,
			"classify": "作家",
			"score": 69
		}, {
			"id": 10026,
			"username": "user-26",
			"sex": "男",
			"city": "城市-26",
			"sign": "签名-26",
			"experience": 978,
			"logins": 7,
			"wealth": 48008413,
			"classify": "作家",
			"score": 65
		}, {
			"id": 10027,
			"username": "user-27",
			"sex": "女",
			"city": "城市-27",
			"sign": "签名-27",
			"experience": 371,
			"logins": 44,
			"wealth": 64419691,
			"classify": "诗人",
			"score": 60
		}, {
			"id": 10028,
			"username": "user-28",
			"sex": "女",
			"city": "城市-28",
			"sign": "签名-28",
			"experience": 977,
			"logins": 21,
			"wealth": 75935022,
			"classify": "作家",
			"score": 37
		}, {
			"id": 10029,
			"username": "user-29",
			"sex": "男",
			"city": "城市-29",
			"sign": "签名-29",
			"experience": 647,
			"logins": 107,
			"wealth": 97450636,
			"classify": "酱油",
			"score": 27
		}
	]
}